{
	"editor": {
		"allAngles": false,
		"entityTextureMode": false
	},
	"textureWidth": 16,
	"textureHeight": 16,
	"textureSizes": {
	},
	"textures": {
		"material": "block/rails/wooden/rail"
	},
	"elements": [
		{
			"name": "Rail1-1",
			"from": [ 2.0, 0.99, 5.7 ], 
			"to": [ 4.0, 2.49, 16.5 ], 
			"rotationOrigin": [ 3.0, 1.0, 16.0 ],
			"rotationY": -22.5,
			"faces": {
				"north": { "texture": "#material", "uv": [ 4.5, 2.0, 6.5, 3.5 ] },
				"east": { "texture": "#material", "uv": [ 0.0, 1.5, 10.5, 3.0 ] },
				"south": { "texture": "#material", "uv": [ 6.0, 1.5, 8.0, 3.0 ] },
				"west": { "texture": "#material", "uv": [ 0.0, 1.5, 10.5, 3.0 ] },
				"up": { "texture": "#material", "uv": [ 0.0, 0.0, 10.5, 2.0 ], "rotation": 90 },
				"down": { "texture": "#material", "uv": [ 0.0, 2.0, 10.5, 4.0 ], "rotation": 90 }
			}
		},
		{
			"name": "Rail2-1",
			"from": [ 12.0, 0.99, 13.8 ], 
			"to": [ 14.0, 2.49, 17.1 ], 
			"rotationOrigin": [ 14.0, 2.0, 16.0 ],
			"rotationY": -22.5,
			"faces": {
				"north": { "texture": "#material", "uv": [ 5.0, 2.5, 7.0, 4.0 ] },
				"east": { "texture": "#material", "uv": [ 4.5, 1.5, 7.5, 3.0 ] },
				"south": { "texture": "#material", "uv": [ 11.0, 1.5, 13.0, 3.0 ] },
				"west": { "texture": "#material", "uv": [ 3.5, 1.5, 6.5, 3.0 ] },
				"up": { "texture": "#material", "uv": [ 4.5, 0.0, 7.5, 2.0 ], "rotation": 90 },
				"down": { "texture": "#material", "uv": [ 4.5, 2.0, 7.5, 4.0 ], "rotation": 90 }
			}
		},
		{
			"name": "Base1",
			"from": [ -1.0, 0.0, 16.0 ], 
			"to": [ 15.0, 1.0, 18.0 ], 
			"rotationOrigin": [ 16.0, 1.0, 17.0 ],
			"rotationY": -22.5,
			"faces": {
				"north": { "texture": "#material", "uv": [ 0.0, 3.0, 16.0, 4.0 ] },
				"east": { "texture": "#material", "uv": [ 6.0, 6.0, 8.0, 7.0 ] },
				"south": { "texture": "#material", "uv": [ 0.0, 7.5, 16.0, 8.5 ] },
				"west": { "texture": "#material", "uv": [ 8.5, 3.0, 10.5, 4.0 ] },
				"up": { "texture": "#material", "uv": [ 0.0, 4.0, 16.0, 6.0 ] },
				"down": { "texture": "#material", "uv": [ 0.0, 4.0, 16.0, 6.0 ] }
			}
		},
		{
			"name": "Base3",
			"from": [ 16.0, 0.0, -1.0 ], 
			"to": [ 18.0, 1.0, 15.0 ], 
			"rotationOrigin": [ 17.0, 1.0, 16.0 ],
			"rotationY": 22.5,
			"faces": {
				"north": { "texture": "#material", "uv": [ 7.5, 7.5, 9.5, 8.5 ] },
				"east": { "texture": "#material", "uv": [ 0.0, 3.5, 16.0, 4.5 ] },
				"south": { "texture": "#material", "uv": [ 12.0, 9.0, 14.0, 10.0 ] },
				"west": { "texture": "#material", "uv": [ 0.0, 4.5, 16.0, 5.5 ] },
				"up": { "texture": "#material", "uv": [ 0.0, 10.5, 16.0, 12.5 ], "rotation": 270 },
				"down": { "texture": "#material", "uv": [ 0.0, 6.5, 16.0, 8.5 ], "rotation": 90 }
			}
		},
		{
			"name": "Base2",
			"from": [ 15.0, 0.01, -1.0 ], 
			"to": [ 17.0, 1.01, 15.0 ], 
			"rotationOrigin": [ 17.0, 1.0, 16.0 ],
			"rotationY": 45.0,
			"faces": {
				"north": { "texture": "#material", "uv": [ 7.0, 4.0, 9.0, 5.0 ] },
				"east": { "texture": "#material", "uv": [ 0.0, 3.5, 16.0, 4.5 ] },
				"south": { "texture": "#material", "uv": [ 10.0, 8.0, 12.0, 9.0 ] },
				"west": { "texture": "#material", "uv": [ 0.0, 3.0, 16.0, 4.0 ] },
				"up": { "texture": "#material", "uv": [ 0.0, 13.5, 16.0, 15.5 ], "rotation": 90 },
				"down": { "texture": "#material", "uv": [ 0.0, 5.5, 16.0, 7.5 ], "rotation": 270 }
			}
		},
		{
			"name": "Rail1-2",
			"from": [ 5.5, 1.01, 1.5 ], 
			"to": [ 16.0, 2.51, 3.5 ], 
			"rotationOrigin": [ 17.0, 2.0, 2.5 ],
			"rotationY": 22.5,
			"faces": {
				"north": { "texture": "#material", "uv": [ 5.5, 1.5, 16.0, 3.0 ] },
				"east": { "texture": "#material", "uv": [ 5.5, 2.5, 7.5, 4.0 ] },
				"south": { "texture": "#material", "uv": [ 5.5, 1.5, 16.0, 3.0 ] },
				"west": { "texture": "#material", "uv": [ 9.5, 2.0, 11.5, 3.5 ] },
				"up": { "texture": "#material", "uv": [ 2.5, 0.0, 13.0, 2.0 ] },
				"down": { "texture": "#material", "uv": [ 5.5, 2.0, 16.0, 4.0 ] }
			}
		},
		{
			"name": "Rail2-2",
			"from": [ 13.0, 1.01, 12.0 ], 
			"to": [ 16.5, 2.51, 14.0 ], 
			"rotationOrigin": [ 16.0, 2.0, 12.5 ],
			"rotationY": 22.5,
			"faces": {
				"north": { "texture": "#material", "uv": [ 0.0, 1.5, 3.5, 3.0 ] },
				"east": { "texture": "#material", "uv": [ 3.0, 1.5, 5.0, 3.0 ] },
				"south": { "texture": "#material", "uv": [ 5.5, 1.5, 9.0, 3.0 ] },
				"west": { "texture": "#material", "uv": [ 14.0, 1.5, 16.0, 3.0 ] },
				"up": { "texture": "#material", "uv": [ 8.0, 0.0, 11.5, 2.0 ] },
				"down": { "texture": "#material", "uv": [ 5.5, 2.0, 9.0, 4.0 ] }
			}
		}
	]}