{
	"editor": {
		"allAngles": false,
		"entityTextureMode": false
	},
	"textureWidth": 16,
	"textureHeight": 16,
	"textureSizes": {
	},
	"textures": {
		"darkiron": "block/metal/darkiron",
		"copperspool": "block/copperspool",
		"cable": "block/rubber/cable"
	},
	"elements": [
		{
			"name": "frame",
			"from": [ 1.0, 0.5, 1.0 ], 
			"to": [ 15.0, 1.0, 3.0 ], 
			"rotationOrigin": [ 1.0, 0.0, 1.0 ],
			"faces": {
				"north": { "texture": "#darkiron", "uv": [ 0.0, 0.0, 14.0, 0.5 ] },
				"east": { "texture": "#darkiron", "uv": [ 0.0, 0.0, 2.0, 0.5 ] },
				"south": { "texture": "#darkiron", "uv": [ 0.0, 0.0, 14.0, 0.5 ] },
				"west": { "texture": "#darkiron", "uv": [ 0.0, 0.0, 2.0, 0.5 ] },
				"up": { "texture": "#darkiron", "uv": [ 0.0, 0.0, 14.0, 2.0 ] },
				"down": { "texture": "#darkiron", "uv": [ 0.0, 0.0, 14.0, 2.0 ] }
			}
		},
		{
			"name": "railrootmain",
			"from": [ 7.5, 0.0, 7.5 ], 
			"to": [ 8.5, 4.0, 8.5 ], 
			"rotationOrigin": [ 7.5, 0.0, 7.5 ],
			"faces": {
				"north": { "texture": "#darkiron", "uv": [ 0.0, 0.0, 1.0, 4.0 ], "enabled": false },
				"east": { "texture": "#darkiron", "uv": [ 0.0, 0.0, 1.0, 4.0 ], "enabled": false },
				"south": { "texture": "#darkiron", "uv": [ 0.0, 0.0, 1.0, 4.0 ], "enabled": false },
				"west": { "texture": "#darkiron", "uv": [ 0.0, 0.0, 1.0, 4.0 ], "enabled": false },
				"up": { "texture": "#darkiron", "uv": [ 0.0, 0.0, 1.0, 1.0 ], "enabled": false },
				"down": { "texture": "#darkiron", "uv": [ 0.0, 0.0, 1.0, 1.0 ], "enabled": false }
			},
			"children": [
				{
					"name": "Main Rail Segmented",
					"from": [ -5.5, 1.0, -7.5 ], 
					"to": [ -3.5, 2.5, -5.5 ], 
					"rotationOrigin": [ -7.5, 0.0, -7.5 ],
					"faces": {
						"north": { "texture": "#wood", "uv": [ 0.0, 0.0, 2.0, 1.5 ] },
						"east": { "texture": "#wood", "uv": [ 0.0, 0.0, 2.0, 1.5 ] },
						"south": { "texture": "#wood", "uv": [ 0.0, 0.0, 2.0, 1.5 ] },
						"west": { "texture": "#wood", "uv": [ 0.0, 0.0, 2.0, 1.5 ] },
						"up": { "texture": "#wood", "uv": [ 0.0, 0.0, 2.0, 2.0 ] },
						"down": { "texture": "#wood", "uv": [ 0.0, 0.0, 2.0, 2.0 ] }
					},
					"children": [
						{
							"name": "Main Rail Segmented10",
							"from": [ 0.0, 0.0, 14.0 ], 
							"to": [ 2.0, 1.5, 16.0 ], 
							"rotationOrigin": [ -2.0, -1.0, 14.0 ],
							"faces": {
								"north": { "texture": "#wood", "uv": [ 0.0, 0.0, 2.0, 1.5 ] },
								"east": { "texture": "#wood", "uv": [ 0.0, 0.0, 2.0, 1.5 ] },
								"south": { "texture": "#wood", "uv": [ 0.0, 0.0, 2.0, 1.5 ] },
								"west": { "texture": "#wood", "uv": [ 0.0, 0.0, 2.0, 1.5 ] },
								"up": { "texture": "#wood", "uv": [ 0.0, 0.0, 2.0, 2.0 ] },
								"down": { "texture": "#wood", "uv": [ 0.0, 0.0, 2.0, 2.0 ] }
							}
						},
						{
							"name": "Main Rail Segmented12",
							"from": [ 0.0, 0.0, 2.0 ], 
							"to": [ 2.0, 1.0, 3.0 ], 
							"rotationOrigin": [ -2.0, -1.0, 2.0 ],
							"faces": {
								"north": { "texture": "#wood", "uv": [ 0.0, 0.0, 2.0, 1.0 ] },
								"east": { "texture": "#wood", "uv": [ 0.0, 0.0, 1.0, 1.0 ] },
								"south": { "texture": "#wood", "uv": [ 0.0, 0.0, 2.0, 1.0 ] },
								"west": { "texture": "#wood", "uv": [ 0.0, 0.0, 1.0, 1.0 ] },
								"up": { "texture": "#wood", "uv": [ 0.0, 0.0, 2.0, 1.0 ] },
								"down": { "texture": "#wood", "uv": [ 0.0, 0.0, 2.0, 1.0 ] }
							}
						},
						{
							"name": "Main Rail Segmented13",
							"from": [ 0.0, 0.0, 13.0 ], 
							"to": [ 2.0, 1.0, 14.0 ], 
							"rotationOrigin": [ -2.0, -1.0, 13.0 ],
							"faces": {
								"north": { "texture": "#wood", "uv": [ 0.0, 0.0, 2.0, 1.0 ] },
								"east": { "texture": "#wood", "uv": [ 0.0, 0.0, 1.0, 1.0 ] },
								"south": { "texture": "#wood", "uv": [ 0.0, 0.0, 2.0, 1.0 ] },
								"west": { "texture": "#wood", "uv": [ 0.0, 0.0, 1.0, 1.0 ] },
								"up": { "texture": "#wood", "uv": [ 0.0, 0.0, 2.0, 1.0 ] },
								"down": { "texture": "#wood", "uv": [ 0.0, 0.0, 2.0, 1.0 ] }
							}
						}
					]
				},
				{
					"name": "Main Rail Segmented14",
					"from": [ 4.5, 1.0, -7.5 ], 
					"to": [ 6.5, 2.5, -5.5 ], 
					"rotationOrigin": [ 2.5, 0.0, -7.5 ],
					"faces": {
						"north": { "texture": "#wood", "uv": [ 0.0, 0.0, 2.0, 1.5 ] },
						"east": { "texture": "#wood", "uv": [ 0.0, 0.0, 2.0, 1.5 ] },
						"south": { "texture": "#wood", "uv": [ 0.0, 0.0, 2.0, 1.5 ] },
						"west": { "texture": "#wood", "uv": [ 0.0, 0.0, 2.0, 1.5 ] },
						"up": { "texture": "#wood", "uv": [ 0.0, 0.0, 2.0, 2.0 ] },
						"down": { "texture": "#wood", "uv": [ 0.0, 0.0, 2.0, 2.0 ] }
					},
					"children": [
						{
							"name": "Main Rail Segmented15",
							"from": [ 0.0, 0.0, 14.0 ], 
							"to": [ 2.0, 1.5, 16.0 ], 
							"rotationOrigin": [ -2.0, -1.0, 14.0 ],
							"faces": {
								"north": { "texture": "#wood", "uv": [ 0.0, 0.0, 2.0, 1.5 ] },
								"east": { "texture": "#wood", "uv": [ 0.0, 0.0, 2.0, 1.5 ] },
								"south": { "texture": "#wood", "uv": [ 0.0, 0.0, 2.0, 1.5 ] },
								"west": { "texture": "#wood", "uv": [ 0.0, 0.0, 2.0, 1.5 ] },
								"up": { "texture": "#wood", "uv": [ 0.0, 0.0, 2.0, 2.0 ] },
								"down": { "texture": "#wood", "uv": [ 0.0, 0.0, 2.0, 2.0 ] }
							}
						},
						{
							"name": "Main Rail Segmented17",
							"from": [ 0.0, 0.0, 2.0 ], 
							"to": [ 2.0, 1.0, 3.0 ], 
							"rotationOrigin": [ -2.0, -1.0, 2.0 ],
							"faces": {
								"north": { "texture": "#wood", "uv": [ 0.0, 0.0, 2.0, 1.0 ] },
								"east": { "texture": "#wood", "uv": [ 0.0, 0.0, 1.0, 1.0 ] },
								"south": { "texture": "#wood", "uv": [ 0.0, 0.0, 2.0, 1.0 ] },
								"west": { "texture": "#wood", "uv": [ 0.0, 0.0, 1.0, 1.0 ] },
								"up": { "texture": "#wood", "uv": [ 0.0, 0.0, 2.0, 1.0 ] },
								"down": { "texture": "#wood", "uv": [ 0.0, 0.0, 2.0, 1.0 ] }
							}
						},
						{
							"name": "Main Rail Segmented18",
							"from": [ 0.0, 0.0, 13.0 ], 
							"to": [ 2.0, 1.0, 14.0 ], 
							"rotationOrigin": [ -2.0, -1.0, 13.0 ],
							"faces": {
								"north": { "texture": "#wood", "uv": [ 0.0, 0.0, 2.0, 1.0 ] },
								"east": { "texture": "#wood", "uv": [ 0.0, 0.0, 1.0, 1.0 ] },
								"south": { "texture": "#wood", "uv": [ 0.0, 0.0, 2.0, 1.0 ] },
								"west": { "texture": "#wood", "uv": [ 0.0, 0.0, 1.0, 1.0 ] },
								"up": { "texture": "#wood", "uv": [ 0.0, 0.0, 2.0, 1.0 ] },
								"down": { "texture": "#wood", "uv": [ 0.0, 0.0, 2.0, 1.0 ] }
							}
						}
					]
				}
			]
		},
		{
			"name": "Cube1",
			"from": [ 0.0, 0.0, 0.0 ], 
			"to": [ 16.0, 1.0, 1.0 ], 
			"faces": {
				"north": { "texture": "#darkiron", "uv": [ 0.0, 0.0, 16.0, 1.0 ] },
				"east": { "texture": "#darkiron", "uv": [ 0.0, 0.0, 1.0, 1.0 ] },
				"south": { "texture": "#darkiron", "uv": [ 0.0, 0.0, 16.0, 1.0 ] },
				"west": { "texture": "#darkiron", "uv": [ 0.0, 0.0, 1.0, 1.0 ] },
				"up": { "texture": "#darkiron", "uv": [ 0.0, 0.0, 16.0, 1.0 ] },
				"down": { "texture": "#darkiron", "uv": [ 0.0, 0.0, 16.0, 1.0 ] }
			}
		},
		{
			"name": "frame14",
			"from": [ 1.0, 0.5, 13.0 ], 
			"to": [ 15.0, 1.0, 15.0 ], 
			"rotationOrigin": [ 1.0, 0.0, 13.0 ],
			"faces": {
				"north": { "texture": "#darkiron", "uv": [ 0.0, 0.0, 14.0, 0.5 ] },
				"east": { "texture": "#darkiron", "uv": [ 0.0, 0.0, 2.0, 0.5 ] },
				"south": { "texture": "#darkiron", "uv": [ 0.0, 0.0, 14.0, 0.5 ] },
				"west": { "texture": "#darkiron", "uv": [ 0.0, 0.0, 2.0, 0.5 ] },
				"up": { "texture": "#darkiron", "uv": [ 0.0, 0.0, 14.0, 2.0 ] },
				"down": { "texture": "#darkiron", "uv": [ 0.0, 0.0, 14.0, 2.0 ] }
			}
		},
		{
			"name": "Cube15",
			"from": [ 0.0, 0.0, 15.0 ], 
			"to": [ 16.0, 1.0, 16.0 ], 
			"rotationOrigin": [ 0.0, 0.0, 15.0 ],
			"faces": {
				"north": { "texture": "#darkiron", "uv": [ 0.0, 0.0, 16.0, 1.0 ] },
				"east": { "texture": "#darkiron", "uv": [ 0.0, 0.0, 1.0, 1.0 ] },
				"south": { "texture": "#darkiron", "uv": [ 0.0, 0.0, 16.0, 1.0 ] },
				"west": { "texture": "#darkiron", "uv": [ 0.0, 0.0, 1.0, 1.0 ] },
				"up": { "texture": "#darkiron", "uv": [ 0.0, 0.0, 16.0, 1.0 ] },
				"down": { "texture": "#darkiron", "uv": [ 0.0, 0.0, 16.0, 1.0 ] }
			}
		},
		{
			"name": "Pressureplate",
			"from": [ 3.0, 0.5, 7.0 ], 
			"to": [ 6.0, 1.0, 10.0 ], 
			"rotationOrigin": [ 3.0, 0.0, 7.0 ],
			"faces": {
				"north": { "texture": "#copperspool", "uv": [ 0.0, 0.0, 3.0, 0.5 ] },
				"east": { "texture": "#copperspool", "uv": [ 0.0, 0.0, 3.0, 0.5 ] },
				"south": { "texture": "#copperspool", "uv": [ 0.0, 0.0, 3.0, 0.5 ] },
				"west": { "texture": "#copperspool", "uv": [ 0.0, 0.0, 3.0, 0.5 ] },
				"up": { "texture": "#copperspool", "uv": [ 0.0, 0.0, 3.0, 3.0 ] },
				"down": { "texture": "#copperspool", "uv": [ 0.0, 0.0, 3.0, 3.0 ] }
			},
			"children": [
				{
					"name": "Main Rail Center",
					"from": [ -1.0, 0.5, -4.0 ], 
					"to": [ 1.0, 1.25, 6.0 ], 
					"rotationOrigin": [ -3.0, -0.5, -4.0 ],
					"faces": {
						"north": { "texture": "#wood", "uv": [ 0.0, 0.0, 2.0, 0.5 ] },
						"east": { "texture": "#wood", "uv": [ 0.0, 0.0, 10.0, 0.5 ] },
						"south": { "texture": "#wood", "uv": [ 0.0, 0.0, 2.0, 0.5 ] },
						"west": { "texture": "#wood", "uv": [ 0.0, 0.0, 10.0, 0.5 ] },
						"up": { "texture": "#wood", "uv": [ 0.0, 0.0, 2.0, 10.0 ] },
						"down": { "texture": "#wood", "uv": [ 0.0, 0.0, 2.0, 10.0 ] }
					}
				},
				{
					"name": "Main Rail Center 2",
					"from": [ 9.0, 0.5, -4.0 ], 
					"to": [ 11.0, 1.25, 6.0 ], 
					"rotationOrigin": [ 7.0, -0.5, -4.0 ],
					"faces": {
						"north": { "texture": "#wood", "uv": [ 0.0, 0.0, 2.0, 0.5 ] },
						"east": { "texture": "#wood", "uv": [ 0.0, 0.0, 10.0, 0.5 ] },
						"south": { "texture": "#wood", "uv": [ 0.0, 0.0, 2.0, 0.5 ] },
						"west": { "texture": "#wood", "uv": [ 0.0, 0.0, 10.0, 0.5 ] },
						"up": { "texture": "#wood", "uv": [ 0.0, 0.0, 2.0, 10.0 ] },
						"down": { "texture": "#wood", "uv": [ 0.0, 0.0, 2.0, 10.0 ] }
					}
				},
				{
					"name": "Pressureplate17",
					"from": [ 7.0, 0.0, 0.0 ], 
					"to": [ 10.0, 0.5, 3.0 ], 
					"rotationOrigin": [ 7.0, -0.5, 0.0 ],
					"faces": {
						"north": { "texture": "#copperspool", "uv": [ 0.0, 0.0, 3.0, 0.5 ] },
						"east": { "texture": "#copperspool", "uv": [ 0.0, 0.0, 3.0, 0.5 ] },
						"south": { "texture": "#copperspool", "uv": [ 0.0, 0.0, 3.0, 0.5 ] },
						"west": { "texture": "#copperspool", "uv": [ 0.0, 0.0, 3.0, 0.5 ] },
						"up": { "texture": "#copperspool", "uv": [ 0.0, 0.0, 3.0, 3.0 ] },
						"down": { "texture": "#copperspool", "uv": [ 0.0, 0.0, 3.0, 3.0 ] }
					}
				}
			]
		},
		{
			"name": "plate receiver",
			"from": [ 6.0, 0.0, 7.0 ], 
			"to": [ 10.0, 0.5, 10.0 ], 
			"rotationOrigin": [ 6.0, 0.5, 7.0 ],
			"faces": {
				"north": { "texture": "#copperspool", "uv": [ 0.0, 0.0, 4.0, 0.5 ] },
				"east": { "texture": "#copperspool", "uv": [ 0.0, 0.0, 3.0, 0.5 ] },
				"south": { "texture": "#copperspool", "uv": [ 0.0, 0.0, 4.0, 0.5 ] },
				"west": { "texture": "#copperspool", "uv": [ 0.0, 0.0, 3.0, 0.5 ] },
				"up": { "texture": "#copperspool", "uv": [ 0.0, 0.0, 4.0, 3.0 ] },
				"down": { "texture": "#copperspool", "uv": [ 0.0, 0.0, 4.0, 3.0 ] }
			},
			"children": [
				{
					"name": "wire",
					"from": [ 0.0, 0.0, -2.0 ], 
					"to": [ 9.0, 0.5, -1.0 ], 
					"rotationOrigin": [ 0.0, 0.0, -2.0 ],
					"faces": {
						"north": { "texture": "#cable", "uv": [ 0.0, 0.0, 9.0, 0.5 ] },
						"east": { "texture": "#cable", "uv": [ 0.0, 0.0, 1.0, 0.5 ] },
						"south": { "texture": "#cable", "uv": [ 0.0, 0.0, 9.0, 0.5 ] },
						"west": { "texture": "#cable", "uv": [ 0.0, 0.0, 1.0, 0.5 ] },
						"up": { "texture": "#cable", "uv": [ 0.0, 0.0, 9.0, 1.0 ] },
						"down": { "texture": "#cable", "uv": [ 0.0, 0.0, 9.0, 1.0 ] }
					},
					"children": [
						{
							"name": "wire22",
							"from": [ 0.0, 0.0, 1.0 ], 
							"to": [ 1.0, 0.5, 2.0 ], 
							"rotationOrigin": [ 0.0, 0.0, 1.0 ],
							"faces": {
								"north": { "texture": "#cable", "uv": [ 0.0, 0.0, 1.0, 0.5 ] },
								"east": { "texture": "#cable", "uv": [ 0.0, 0.0, 1.0, 0.5 ] },
								"south": { "texture": "#cable", "uv": [ 0.0, 0.0, 1.0, 0.5 ] },
								"west": { "texture": "#cable", "uv": [ 0.0, 0.0, 1.0, 0.5 ] },
								"up": { "texture": "#cable", "uv": [ 0.0, 0.0, 1.0, 1.0 ] },
								"down": { "texture": "#cable", "uv": [ 0.0, 0.0, 1.0, 1.0 ] }
							}
						},
						{
							"name": "wire23",
							"from": [ 8.0, 0.0, 1.0 ], 
							"to": [ 9.0, 0.5, 2.0 ], 
							"rotationOrigin": [ 8.0, 0.0, 1.0 ],
							"faces": {
								"north": { "texture": "#cable", "uv": [ 0.0, 0.0, 1.0, 0.5 ] },
								"east": { "texture": "#cable", "uv": [ 0.0, 0.0, 1.0, 0.5 ] },
								"south": { "texture": "#cable", "uv": [ 0.0, 0.0, 1.0, 0.5 ] },
								"west": { "texture": "#cable", "uv": [ 0.0, 0.0, 1.0, 0.5 ] },
								"up": { "texture": "#cable", "uv": [ 0.0, 0.0, 1.0, 1.0 ] },
								"down": { "texture": "#cable", "uv": [ 0.0, 0.0, 1.0, 1.0 ] }
							}
						},
						{
							"name": "wire25",
							"from": [ 9.0, 0.0, 1.0 ], 
							"to": [ 10.0, 0.5, 2.0 ], 
							"rotationOrigin": [ 9.0, 0.0, 1.0 ],
							"faces": {
								"north": { "texture": "#copperspool", "uv": [ 0.0, 0.0, 1.0, 0.5 ] },
								"east": { "texture": "#copperspool", "uv": [ 0.0, 0.0, 1.0, 0.5 ] },
								"south": { "texture": "#copperspool", "uv": [ 0.0, 0.0, 1.0, 0.5 ] },
								"west": { "texture": "#copperspool", "uv": [ 0.0, 0.0, 1.0, 0.5 ] },
								"up": { "texture": "#copperspool", "uv": [ 0.0, 0.0, 1.0, 1.0 ] },
								"down": { "texture": "#copperspool", "uv": [ 0.0, 0.0, 1.0, 1.0 ] }
							}
						}
					]
				},
				{
					"name": "wire20",
					"from": [ 0.0, 0.0, 4.0 ], 
					"to": [ 9.0, 0.5, 5.0 ], 
					"rotationOrigin": [ 0.0, 0.0, 4.0 ],
					"faces": {
						"north": { "texture": "#cable", "uv": [ 0.0, 0.0, 9.0, 0.5 ] },
						"east": { "texture": "#cable", "uv": [ 0.0, 0.0, 1.0, 0.5 ] },
						"south": { "texture": "#cable", "uv": [ 0.0, 0.0, 9.0, 0.5 ] },
						"west": { "texture": "#cable", "uv": [ 0.0, 0.0, 1.0, 0.5 ] },
						"up": { "texture": "#cable", "uv": [ 0.0, 0.0, 9.0, 1.0 ] },
						"down": { "texture": "#cable", "uv": [ 0.0, 0.0, 9.0, 1.0 ] }
					},
					"children": [
						{
							"name": "wire21",
							"from": [ 0.0, 0.0, -1.0 ], 
							"to": [ 1.0, 0.5, 0.0 ], 
							"rotationOrigin": [ 0.0, 0.0, -1.0 ],
							"faces": {
								"north": { "texture": "#cable", "uv": [ 0.0, 0.0, 1.0, 0.5 ] },
								"east": { "texture": "#cable", "uv": [ 0.0, 0.0, 1.0, 0.5 ] },
								"south": { "texture": "#cable", "uv": [ 0.0, 0.0, 1.0, 0.5 ] },
								"west": { "texture": "#cable", "uv": [ 0.0, 0.0, 1.0, 0.5 ] },
								"up": { "texture": "#cable", "uv": [ 0.0, 0.0, 1.0, 1.0 ] },
								"down": { "texture": "#cable", "uv": [ 0.0, 0.0, 1.0, 1.0 ] }
							}
						},
						{
							"name": "wire24",
							"from": [ 8.0, 0.0, -1.0 ], 
							"to": [ 9.0, 0.5, 0.0 ], 
							"rotationOrigin": [ 8.0, 0.0, -1.0 ],
							"faces": {
								"north": { "texture": "#cable", "uv": [ 0.0, 0.0, 1.0, 0.5 ] },
								"east": { "texture": "#cable", "uv": [ 0.0, 0.0, 1.0, 0.5 ] },
								"south": { "texture": "#cable", "uv": [ 0.0, 0.0, 1.0, 0.5 ] },
								"west": { "texture": "#cable", "uv": [ 0.0, 0.0, 1.0, 0.5 ] },
								"up": { "texture": "#cable", "uv": [ 0.0, 0.0, 1.0, 1.0 ] },
								"down": { "texture": "#cable", "uv": [ 0.0, 0.0, 1.0, 1.0 ] }
							}
						},
						{
							"name": "wire26",
							"from": [ 9.0, 0.0, -1.0 ], 
							"to": [ 10.0, 0.5, 0.0 ], 
							"rotationOrigin": [ 8.0, 0.0, -1.0 ],
							"faces": {
								"north": { "texture": "#copperspool", "uv": [ 0.0, 0.0, 1.0, 0.5 ] },
								"east": { "texture": "#copperspool", "uv": [ 0.0, 0.0, 1.0, 0.5 ] },
								"south": { "texture": "#copperspool", "uv": [ 0.0, 0.0, 1.0, 0.5 ] },
								"west": { "texture": "#copperspool", "uv": [ 0.0, 0.0, 1.0, 0.5 ] },
								"up": { "texture": "#copperspool", "uv": [ 0.0, 0.0, 1.0, 1.0 ] },
								"down": { "texture": "#copperspool", "uv": [ 0.0, 0.0, 1.0, 1.0 ] }
							}
						}
					]
				}
			]
		}
	]}