[
  {
    "op": "replace",
    "path": "/maxstacksizeByType/*-1slice",
    "value": 32,
    "file": "itemtypes/food/cheese.json"
  },
  {
    "op": "replace",
    "path": "/maxstacksizeByType/*-2slice",
    "value": 16,
    "file": "itemtypes/food/cheese.json"
  },
  {
    "op": "replace",
    "path": "/maxstacksizeByType/*-3slice",
    "value": 12,
    "file": "itemtypes/food/cheese.json"
  },
  {
    "op": "replace",
    "path": "/maxstacksizeByType/*-4slice",
    "value": 8,
    "file": "itemtypes/food/cheese.json"
  }
]