[
  {
    "op": "replace",
    "path": "/maxstacksizeByType/*-huge",
    "value": 16,
    "file": "game:itemtypes/resource/hide.json"
  },
  {
    "op": "replace",
    "path": "/maxstacksizeByType/*-large",
    "value": 32,
    "file": "game:itemtypes/resource/hide.json"
  },
  {
    "op": "replace",
    "path": "/maxstacksizeByType/*-medium",
    "value": 64,
    "file": "game:itemtypes/resource/hide.json"
  },
  {
    "op": "replace",
    "path": "/maxstacksizeByType/*-small",
    "value": 128,
    "file": "game:itemtypes/resource/hide.json"
  }
]