{
	"code": "stoprails",
	"class": "BlockRail",
	"behaviors": [ { "name": "Unstable" } ],

	"attributesByType": {
		"*-off-flat_we": { "railswitch": "rustandrails:stoprails-on-flat_we" },
		"*-on-flat_we": {
			"railswitch": "rustandrails:stoprails-off-flat_we",
			"railstate": "HOLD"
		},
		"*-off-flat_ns": { "railswitch": "rustandrails:stoprails-on-flat_ns" },
		"*-on-flat_ns": {
			"railswitch": "rustandrails:stoprails-off-flat_ns",
			"railstate": "HOLD"
		}
	},
	"variantgroups": [
		{
			"code": "state",
			"states": [ "off", "on" ]
		},
		{
			"code": "type",
			"states": [ "flat_ns", "flat_we" ]
		}
	],
	"creativeinventory": { "r&r": [ "*-on-flat_ns" ] },
	"shapeByType": {

		"*-off-flat_we": {
			"base": "rustandrails:block/rails/cartstopper-off-flat_ns",
			"rotateY": 90
		},
		"*-off-flat_ns": {
			"base": "rustandrails:block/rails/cartstopper-off-flat_ns",
			"rotateY": 0
		},
		"*-on-flat_we": {
			"base": "rustandrails:block/rails/cartstopper-on-flat_ns",
			"rotateY": 90
		},
		"*-on-flat_ns": {
			"base": "rustandrails:block/rails/cartstopper-on-flat_ns",
			"rotateY": 0
		},
		"*": { "base": "game:block/wood/rails/{type}" }
	},
	"blockmaterial": "Wood",
	"textures": {
		"wood": { "base": "game:block/wood/planks/generic" }
	},
	"sidesolid": {
		"all": false
	},
	"sideopaque": {
		"all": false
	},
	"drops": [
		{
			"type": "block",
			"code": "rustandrails:stoprails-on-flat_ns"
		}
	],
	"resistance": 0.5,
	"lightAbsorption": 0,
	"collisionbox": null,
	"selectionbox": {
		"x1": 0,
		"y1": 0,
		"z1": 0,
		"x2": 1,
		"y2": 0.125,
		"z2": 1
	},
	"sounds": {
		"place": "block/planks",
		"hit": "block/planks",
		"break": "block/planks",
		"walk": "walk/wood"
	},
	"guiTransform": {
		"translation": {
			"x": 0,
			"y": 2,
			"z": 0
		},
		"origin": {
			"x": 0.5,
			"y": 0.0625,
			"z": 0.5
		},
		"scale": 1.3
	},
	"tpHandTransform": {
		"translation": {
			"x": -1.2,
			"y": -0.4,
			"z": -1.3
		},
		"rotation": {
			"x": -68,
			"y": 0,
			"z": 0
		},
		"origin": {
			"x": 0.5,
			"y": 0.1,
			"z": 0.5
		},
		"scale": 0.4
	},
	"groundTransform": {
		"origin": {
			"x": 0.5,
			"y": 0,
			"z": 0.5
		},
		"scale": 2
	},
	"fpHandTransform": {
		"translation": {
			"x": 0,
			"y": 0.1,
			"z": 0
		},
		"rotation": {
			"x": 0,
			"y": -50,
			"z": 67
		},
		"origin": {
			"x": 0.5,
			"y": 0.13,
			"z": 0.5
		}
	}
}