{
  "code": "verticalwoodenrails",
  "behaviors": [
    {
      "name": "Unstable"
    },
    {
      "name": "HorizontalOrientable"
    }
  ],
  "variantgroups": [
    {
      "code": "side",
      "states": [ "north", "east", "south", "west" ]
    }
  ],
  "shapebytype": {

    "*-north": {
      "base": "block/rails/raised_ns",
      "rotateY": 0
    },
    "*-east": {
      "base": "block/rails/raised_ns",
      "rotateY": 270

    },
    "*-west": {
      "base": "block/rails/raised_ns",
      "rotateY": 90

    },
    "*-south": {
      "base": "block/rails/raised_ns",
      "rotateY": 180
    }
  },
  "sidesolid": {
    "all": false
  },
  "sideopaque": {
    "all": false
  },
  "textures": {
    "material": { "base": "block/rails/wooden/rail" }
  },
  "collisionSelectionBoxesByType": {
    "*-north": [
      {
        "x1": 0,
        "y1": 0,
        "z1": 0,
        "x2": 1,
        "y2": 0.5625,
        "z2": 1,
        "rotateY": 90
      },
      {
        "x1": 0.625,
        "y1": 0.5625,
        "z1": 0,
        "x2": 1,
        "y2": 1,
        "z2": 1,
        "rotateY": 90
      }
    ],
    "*-west": [
      {
        "x1": 0,
        "y1": 0,
        "z1": 0,
        "x2": 1,
        "y2": 0.5625,
        "z2": 1,
        "rotateY": 180
      },
      {
        "x1": 0.625,
        "y1": 0.5625,
        "z1": 0,
        "x2": 1,
        "y2": 1,
        "z2": 1,
        "rotateY": 180
      }
    ],
    "*-south": [
      {
        "x1": 0,
        "y1": 0,
        "z1": 0,
        "x2": 1,
        "y2": 0.5625,
        "z2": 1,
        "rotateY": 270
      },
      {
        "x1": 0.625,
        "y1": 0.5625,
        "z1": 0,
        "x2": 1,
        "y2": 1,
        "z2": 1,
        "rotateY": 270
      }
    ],
    "*-east": [
      {
        "x1": 0,
        "y1": 0,
        "z1": 0,
        "x2": 1,
        "y2": 0.5625,
        "z2": 1
      },
      {
        "x1": 0.625,
        "y1": 0.5625,
        "z1": 0,
        "x2": 1,
        "y2": 1,
        "z2": 1
      }
    ]
  },
  "blockmaterial": "Wood",
  "creativeinventory": {
    "r&r": [ "*-north" ]
  },
  "sounds": {
    "place": "game:block/planks",
    "hit": "game:block/planks",
    "break": "game:block/planks",
    "walk": "game:walk/planks"
  },
  "resistance": 0.5,
  "lightAbsorption": 0
}